idiom category,#C,html,,,
list comrephension,3,https://stackoverflow.com/questions/2951701/is-it-possible-to-use-else-in-a-list-comprehension,,,
list comrephension,3,https://stackoverflow.com/questions/17321138/one-line-list-comprehension-if-else-variants,,,
list comrephension,3,https://stackoverflow.com/questions/4260280/if-else-in-a-list-comprehension,,,
list comrephension,3,https://stackoverflow.com/questions/1198777/double-iteration-in-list-comprehension,,,
list comrephension,3,https://stackoverflow.com/questions/9987483/elif-in-list-comprehension-conditionals,,,
Set Comprehension,3,https://stackoverflow.com/questions/67735352/if-for-else-nested-set-comprehension-in-python,,,
Set Comprehension,1,"
https://stackoverflow.com/questions/48421142/fastest-way-to-generate-a-random-like-unique-string-with-random-length-in-python
",,,
Set Comprehension,1,https://stackoverflow.com/questions/62470840/how-to-add-variable-to-each-item-in-a-set-in-python/62470868#62470868,,,
Set Comprehension,1,https://stackoverflow.com/questions/51789837/how-to-convert-array-of-array-into-set-in-python-3/51789931#51789931,,,
set-comprehension,1,https://stackoverflow.com/questions/28145024/1-liner-pythonic-code-that-returns-a-set-rather-than-a-list/28145074#28145074,,,
set comprehension,3,https://stackoverflow.com/questions/48753397/generate-an-unique-word-list-from-a-word-list-of-a-list/48753445#48753445,,,
set comprehension,1,https://stackoverflow.com/questions/45448986/obtain-a-set-of-unique-values-from-a-dictionary-of-lists,,,
dict comprehension,1,https://stackoverflow.com/questions/1747817/create-a-dictionary-with-list-comprehension/1747827#1747827,,,
dict comprehension,3,https://stackoverflow.com/questions/66394731/how-to-create-a-set-of-dictionary-keys-from-an-array-of-dictionaries/66394757#66394757,,,
dict-comprehension,3,https://stackoverflow.com/questions/17664841/simple-syntax-error-in-python-if-else-dict-comprehension,,,
chained comparison,1,https://stackoverflow.com/questions/26502775/simplify-chained-comparison,,,
chained comparison,1,https://stackoverflow.com/questions/24018315/python-chained-comparison,,,
truth_value test,3,https://stackoverflow.com/questions/20420934/if-x-vs-if-x-true-vs-if-x-is-true,,,
truth_value test,1,https://stackoverflow.com/questions/9573244/how-to-check-if-the-string-is-empty/9573259#9573259,,,
truth_value test,1,https://stackoverflow.com/questions/38282179/if-lista-more-simplified-version?noredirect=1&lq=1,,,
truth_value test,1,https://stackoverflow.com/questions/39746427/expression-can-be-simplified-on-boolean-literal?noredirect=1&lq=1,,,
Loop else,2,https://stackoverflow.com/questions/9979970/why-does-python-use-else-after-for-and-while-loops,,,
Loop else,3,https://stackoverflow.com/questions/3296044/opposite-of-python-for-else,,,
Loop else,3,https://stackoverflow.com/questions/57547630/problem-with-using-for-else-loop-in-python-3-to-print-out-even-and-odd-numbers/57547713#57547713,,,
assign multi targets,1,https://stackoverflow.com/questions/65765917/is-there-a-way-to-assign-multiple-variables-without-writing-them-all-manually,,,
assign multi targets,2,https://stackoverflow.com/questions/66528718/swapping-elements-in-a-list-without-using-a-temporary-variable,,,
assign multi targets,2,https://stackoverflow.com/questions/14836228/is-there-a-standardized-method-to-swap-two-variables-in-python,,,
assign multi targets,2,https://stackoverflow.com/questions/44517911/swapping-variables-in-python3,,,
assign multi targets,1,https://stackoverflow.com/questions/58787455/declare-multiple-variable-in-a-single-line-in-python,,,
star in func call,2,https://stackoverflow.com/questions/2921847/what-does-the-star-and-doublestar-operator-mean-in-a-function-call,,,
star in func call,2,https://stackoverflow.com/questions/5239856/asterisk-in-function-call?noredirect=1&lq=1,,,
star in func call,2,https://stackoverflow.com/questions/16515443/what-does-the-asterisk-do-in-python-other-than-multiplication-and-exponentiation?noredirect=1&lq=1,,,
For multiple targets,2,https://stackoverflow.com/questions/10867882/tuple-unpacking-in-for-loops,,,
For multiple targets,2,https://stackoverflow.com/questions/34190276/python-two-iterating-variables-in-a-for-loop?noredirect=1&lq=1,,,
For multiple targets,2,https://stackoverflow.com/questions/55036076/what-is-difference-using-unpack-in-for-loop-and-not-in-python,,,
